"state","date","inflation_yoy","inflation_mom","total_arrivals","total_male_arrivals","total_female_arrivals","cumulative_arrivals"
"Johor",2020-01-01,1.34285714285714,0.164285714285714,1621595,905601,715994,1621595
"Johor",2020-02-01,1.12857142857143,-0.0857142857142857,2715141,671718,421828,2715141
"Johor",2020-03-01,0.192857142857143,-0.671428571428571,3384967,409015,260811,3384967
"Johor",2020-04-01,-1.38571428571429,-1.60714285714286,3385263,236,60,3385263
"Johor",2020-05-01,-1.41428571428571,0.0714285714285714,3385484,206,15,3385484
"Johor",2020-06-01,-0.842857142857143,0.728571428571429,3385871,344,43,3385871
"Johor",2020-07-01,-0.564285714285714,0.407142857142857,3386682,686,125,3386682
"Johor",2020-08-01,-0.578571428571429,0.0428571428571429,3387513,759,72,3387513
"Johor",2020-09-01,-0.721428571428571,-0.0214285714285714,3388827,1196,118,3388827
"Johor",2020-10-01,-0.921428571428571,0,3389981,1053,101,3389981
"Johor",2020-11-01,-1.08571428571429,-0.0857142857142857,3390998,908,109,3390998
"Johor",2020-12-01,-0.885714285714286,0.257142857142857,3391945,825,122,3391945
"Johor",2021-01-01,-0.457142857142857,0.621428571428571,3392697,663,89,3392697
"Johor",2021-02-01,-0.192857142857143,0.207142857142857,3393516,720,99,3393516
"Johor",2021-03-01,0.742857142857143,0.221428571428571,3394448,819,113,3394448
"Johor",2021-04-01,2.7,0.0714285714285714,3395290,748,94,3395290
"Johor",2021-05-01,2.64285714285714,0.0285714285714286,3395739,412,37,3395739
"Johor",2021-06-01,1.84285714285714,0.0428571428571429,3395873,114,20,3395873
"Johor",2021-07-01,1.17142857142857,-0.214285714285714,3396070,163,34,3396070
"Johor",2021-08-01,1.07142857142857,-0.05,3396255,154,31,3396255
"Johor",2021-09-01,1.17142857142857,0.0642857142857143,3396461,171,35,3396461
"Johor",2021-10-01,1.45714285714286,0.285714285714286,3396767,255,51,3396767
"Johor",2021-11-01,1.72857142857143,0.157142857142857,3397387,448,172,3397387
"Johor",2021-12-01,1.58571428571429,0.15,3400572,1785,1400,3400572
"Johor",2022-01-01,1.11428571428571,0.157142857142857,3405387,2632,2183,3405387
"Johor",2022-02-01,0.957142857142857,0.0571428571428571,3408623,1876,1360,3408623
"Johor",2022-03-01,1.1,0.378571428571429,3416961,4931,3407,3416961
"Johor",2022-04-01,1.27857142857143,0.228571428571429,3852632,268606,167065,3852632
"Johor",2022-05-01,1.75,0.478571428571429,4562487,431647,278208,4562487
"Johor",2022-06-01,2.45,0.714285714285714,5505660,546327,396846,5505660
"Johor",2022-07-01,3.01428571428571,0.314285714285714,6631655,655916,470079,6631655
"Johor",2022-08-01,3.2,0.142857142857143,7754008,654584,467769,7754008
"Johor",2022-09-01,3.18571428571429,0.0642857142857143,8956450,680944,521498,8956450
"Johor",2022-10-01,3,0.0928571428571429,10164465,684451,523564,10164465
"Johor",2022-11-01,3.3,0.442857142857143,11379093,685950,528678,11379093
"Johor",2022-12-01,3.16428571428571,0.0285714285714286,12774732,749842,645797,12774732
"Johor",2023-01-01,3.34285714285714,0.335714285714286,14008808,693195,540881,14008808
"Johor",2023-02-01,3.54285714285714,0.264285714285714,15104839,629023,467008,15104839
"Johor",2023-03-01,3.26428571428571,0.0928571428571429,16406424,727417,574168,16406424
"Johor",2023-04-01,3.04285714285714,0.0285714285714286,17633775,682404,544947,17633775
"Johor",2023-05-01,2.53571428571429,-0.0214285714285714,18932276,738863,559638,18932276
"Johor",2023-06-01,2,0.178571428571429,20442621,820088,690257,20442621
"Johor",2023-07-01,1.79285714285714,0.114285714285714,21988569,850439,695509,21988569
"Johor",2023-08-01,1.82142857142857,0.185714285714286,23499055,844529,665957,23499055
"Johor",2023-09-01,1.80714285714286,0.0571428571428571,25098594,881702,717837,25098594
"Johor",2023-10-01,1.75714285714286,0.0357142857142857,26674232,879290,696348,26674232
"Johor",2023-11-01,1.45714285714286,0.157142857142857,28232671,856873,701566,28232671
"Johor",2023-12-01,1.51428571428571,0.0785714285714286,29985807,934618,818518,29985807
"Johor",2024-01-01,1.28571428571429,0.1,31141185,639527,515851,31141185
"Johor",2024-02-01,1.27857142857143,0.271428571428571,32530836,768268,621383,32530836
"Johor",2024-03-01,1.25,0.0714285714285714,34413175,1010380,871959,34413175
"Johor",2024-04-01,1.26428571428571,0.05,36050920,912098,725647,36050920
"Johor",2024-05-01,1.56428571428571,0.264285714285714,37844050,988447,804683,37844050
"Johor",2024-06-01,1.64285714285714,0.264285714285714,39921317,1112617,964650,39921317
"Kedah",2020-01-01,1.04285714285714,0.0785714285714286,85071,35097,49974,85071
"Kedah",2020-02-01,0.871428571428571,-0.05,149499,25646,38782,149499
"Kedah",2020-03-01,0.0214285714285714,-0.621428571428571,186679,16441,20739,186679
"Kedah",2020-04-01,-1.5,-1.57857142857143,200516,13161,676,200516
"Kedah",2020-05-01,-1.42857142857143,0.107142857142857,213440,12109,815,213440
"Kedah",2020-06-01,-0.985714285714286,0.578571428571429,225183,11001,742,225183
"Kedah",2020-07-01,-0.685714285714286,0.392857142857143,235203,9349,671,235203
"Kedah",2020-08-01,-0.721428571428572,0.0928571428571429,245542,9527,812,245542
"Kedah",2020-09-01,-0.807142857142857,0.00714285714285714,254837,8594,701,254837
"Kedah",2020-10-01,-0.985714285714286,-0.0214285714285714,264443,8867,739,264443
"Kedah",2020-11-01,-1.16428571428571,-0.164285714285714,275035,9806,786,275035
"Kedah",2020-12-01,-0.992857142857143,0.264285714285714,289242,13895,312,289242
"Kedah",2021-01-01,-0.314285714285714,0.785714285714286,307170,17913,15,307170
"Kedah",2021-02-01,-0.0571428571428571,0.214285714285714,323301,16088,43,323301
"Kedah",2021-03-01,0.778571428571428,0.185714285714286,342506,19153,52,342506
"Kedah",2021-04-01,2.65714285714286,0.0642857142857143,360357,17811,40,360357
"Kedah",2021-05-01,2.55,0.0142857142857143,378783,18383,43,378783
"Kedah",2021-06-01,1.89285714285714,0,395674,16846,45,395674
"Kedah",2021-07-01,1.13571428571429,-0.314285714285714,413155,17441,40,413155
"Kedah",2021-08-01,1.07857142857143,0.0428571428571429,429498,16303,40,429498
"Kedah",2021-09-01,1.08571428571429,0.0142857142857143,448331,18787,46,448331
"Kedah",2021-10-01,1.5,0.378571428571429,467714,19342,41,467714
"Kedah",2021-11-01,1.75714285714286,0.0857142857142857,486032,18257,61,486032
"Kedah",2021-12-01,1.82857142857143,0.371428571428571,504289,18143,114,504289
"Kedah",2022-01-01,1.27857142857143,0.271428571428571,522894,18428,177,522894
"Kedah",2022-02-01,1.27857142857143,0.221428571428571,539813,16704,215,539813
"Kedah",2022-03-01,1.19285714285714,0.0785714285714286,560090,19980,297,560090
"Kedah",2022-04-01,1.25714285714286,0.135714285714286,581267,18506,2671,581267
"Kedah",2022-05-01,1.32142857142857,0.0785714285714286,613001,22805,8929,613001
"Kedah",2022-06-01,1.72142857142857,0.371428571428571,656812,28242,15569,656812
"Kedah",2022-07-01,2.2,0.157142857142857,710581,31280,22489,710581
"Kedah",2022-08-01,2.26428571428571,0.1,759606,31879,17146,759606
"Kedah",2022-09-01,2.27857142857143,0.0214285714285714,813301,30908,22787,813301
"Kedah",2022-10-01,2.06428571428571,0.171428571428571,889970,42765,33904,889970
"Kedah",2022-11-01,2.08571428571429,0.0857142857142857,964422,43350,31102,964422
"Kedah",2022-12-01,1.71428571428571,-1.98489206399036e-18,1041416,42791,34203,1041416
"Kedah",2023-01-01,1.48571428571429,0.05,1126625,47879,37330,1126625
"Kedah",2023-02-01,1.42142857142857,0.157142857142857,1209483,46952,35906,1209483
"Kedah",2023-03-01,1.40714285714286,0.0785714285714286,1310103,56619,44001,1310103
"Kedah",2023-04-01,1.37142857142857,0.0928571428571429,1395847,45197,40547,1395847
"Kedah",2023-05-01,1.22142857142857,-0.0642857142857143,1486854,49427,41580,1486854
"Kedah",2023-06-01,0.957142857142857,0.107142857142857,1563920,41554,35512,1563920
"Kedah",2023-07-01,0.864285714285714,0.0714285714285714,1649519,46887,38712,1649519
"Kedah",2023-08-01,0.807142857142857,0.0285714285714286,1726277,42486,34272,1726277
"Kedah",2023-09-01,0.864285714285714,0.107142857142857,1812113,49393,36443,1812113
"Kedah",2023-10-01,0.707142857142857,0.0142857142857143,1910907,55547,43247,1910907
"Kedah",2023-11-01,0.742857142857143,0.114285714285714,2001618,51274,39437,2001618
"Kedah",2023-12-01,0.792857142857143,0.0714285714285714,2108454,58873,47963,2108454
"Kedah",2024-01-01,0.821428571428571,0.0928571428571429,2218961,61870,48637,2218961
"Kedah",2024-02-01,0.728571428571429,0.0714285714285714,2323360,56535,47864,2323360
"Kedah",2024-03-01,0.95,0.307142857142857,2424867,55998,45509,2424867
"Kedah",2024-04-01,1.03571428571429,0.164285714285714,2493239,36233,32139,2493239
"Kedah",2024-05-01,1.25714285714286,0.164285714285714,2582121,46709,42173,2582121
"Kedah",2024-06-01,1.25714285714286,0.0857142857142857,2654195,37301,34773,2654195
"Kelantan",2020-01-01,1.07857142857143,0.0785714285714286,40002,21170,18832,40002
"Kelantan",2020-02-01,1.00714285714286,0.0642857142857143,79682,21932,17748,79682
"Kelantan",2020-03-01,0.0428571428571429,-0.757142857142857,100287,10704,9901,100287
"Kelantan",2020-04-01,-1.50714285714286,-1.63571428571429,100309,5,17,100309
"Kelantan",2020-05-01,-1.57142857142857,0.15,100327,6,12,100327
"Kelantan",2020-06-01,-0.878571428571429,0.928571428571429,100348,3,18,100348
"Kelantan",2020-07-01,-0.492857142857143,0.507142857142857,100357,1,8,100357
"Kelantan",2020-08-01,-0.457142857142857,0.1,100360,1,2,100360
"Kelantan",2020-09-01,-0.571428571428572,-0.0642857142857143,100367,1,6,100367
"Kelantan",2020-10-01,-0.657142857142857,-0.0142857142857143,100368,0,1,100368
"Kelantan",2020-11-01,-0.728571428571429,-0.0785714285714286,100373,2,3,100373
"Kelantan",2020-12-01,-0.507142857142857,0.364285714285714,100375,1,1,100375
"Kelantan",2021-01-01,0.228571428571429,0.878571428571429,100375,0,0,100375
"Kelantan",2021-02-01,0.378571428571429,0.207142857142857,100378,1,2,100378
"Kelantan",2021-03-01,1.42857142857143,0.221428571428571,100382,2,2,100382
"Kelantan",2021-04-01,3.55,0.128571428571429,100387,2,3,100387
"Kelantan",2021-05-01,3.47857142857143,0.107142857142857,100388,1,0,100388
"Kelantan",2021-06-01,2.42857142857143,0.00714285714285714,100389,0,1,100389
"Kelantan",2021-07-01,1.54285714285714,-0.314285714285714,100392,1,2,100392
"Kelantan",2021-08-01,1.42857142857143,-0.00714285714285714,100392,0,0,100392
"Kelantan",2021-09-01,1.57857142857143,0.0785714285714286,100398,4,2,100398
"Kelantan",2021-10-01,2,0.407142857142857,100398,0,0,100398
"Kelantan",2021-11-01,2.24285714285714,0.135714285714286,100402,0,4,100402
"Kelantan",2021-12-01,2.12857142857143,0.285714285714286,100402,0,0,100402
"Kelantan",2022-01-01,1.38571428571429,0.164285714285714,100406,1,3,100406
"Kelantan",2022-02-01,1.31428571428571,0.15,100421,6,9,100421
"Kelantan",2022-03-01,1.27142857142857,0.171428571428571,100435,13,1,100435
"Kelantan",2022-04-01,1.26428571428571,0.142857142857143,100443,7,1,100443
"Kelantan",2022-05-01,1.35714285714286,0.178571428571429,104289,1929,1917,104289
"Kelantan",2022-06-01,1.58571428571429,0.228571428571429,113176,3963,4924,113176
"Kelantan",2022-07-01,2.01428571428571,0.121428571428571,129185,7651,8358,129185
"Kelantan",2022-08-01,2.08571428571429,0.05,158724,14719,14820,158724
"Kelantan",2022-09-01,2.05714285714286,0.0642857142857143,188753,15427,14602,188753
"Kelantan",2022-10-01,1.77142857142857,0.135714285714286,226883,19621,18509,226883
"Kelantan",2022-11-01,1.77142857142857,0.128571428571429,260093,17724,15486,260093
"Kelantan",2022-12-01,1.51428571428571,0.0357142857142857,286551,13404,13054,286551
"Kelantan",2023-01-01,1.40714285714286,0.0571428571428571,336506,26718,23237,336506
"Kelantan",2023-02-01,1.37142857142857,0.114285714285714,387668,27656,23506,387668
"Kelantan",2023-03-01,1.31428571428571,0.114285714285714,446259,29810,28781,446259
"Kelantan",2023-04-01,1.29285714285714,0.114285714285714,493153,23322,23572,493153
"Kelantan",2023-05-01,1.08571428571429,-0.0357142857142857,545455,27611,24691,545455
"Kelantan",2023-06-01,0.914285714285714,0.0642857142857143,582218,19306,17457,582218
"Kelantan",2023-07-01,0.9,0.121428571428571,632235,26773,23244,632235
"Kelantan",2023-08-01,0.885714285714286,0.0428571428571429,668033,19658,16140,668033
"Kelantan",2023-09-01,0.9,0.05,703257,19490,15734,703257
"Kelantan",2023-10-01,0.8,0.0285714285714286,750936,25452,22227,750936
"Kelantan",2023-11-01,0.714285714285714,0.0357142857142857,791417,21136,19345,791417
"Kelantan",2023-12-01,0.728571428571429,0.05,833754,21688,20649,833754
"Kelantan",2024-01-01,0.742857142857143,0.0785714285714286,887425,28095,25576,887425
"Kelantan",2024-02-01,0.885714285714286,0.242857142857143,943549,28910,27214,943549
"Kelantan",2024-03-01,0.85,0.0857142857142857,1005273,30496,31228,1005273
"Kelantan",2024-04-01,0.764285714285714,0.0214285714285714,1061040,27666,28101,1061040
"Kelantan",2024-05-01,0.957142857142857,0.15,1118394,29172,28182,1118394
"Kelantan",2024-06-01,0.95,0.0571428571428571,1170079,25848,25837,1170079
"Melaka",2020-01-01,0.678571428571429,0.0142857142857143,6015,2813,3202,6015
"Melaka",2020-02-01,0.528571428571429,-0.05,9251,1502,1734,9251
"Melaka",2020-03-01,-0.257142857142857,-0.564285714285714,10291,500,540,10291
"Melaka",2020-04-01,-1.56428571428571,-1.46428571428571,10291,0,0,10291
"Melaka",2020-05-01,-1.52857142857143,0.128571428571429,10291,0,0,10291
"Melaka",2020-06-01,-1.22142857142857,0.35,10291,0,0,10291
"Melaka",2020-07-01,-0.857142857142857,0.407142857142857,10291,0,0,10291
"Melaka",2020-08-01,-0.907142857142857,0.0785714285714286,10291,0,0,10291
"Melaka",2020-09-01,-1.05714285714286,0.0285714285714286,10291,0,0,10291
"Melaka",2020-10-01,-1.15,-0.00714285714285714,10293,1,1,10293
"Melaka",2020-11-01,-1.40714285714286,-0.135714285714286,10293,0,0,10293
"Melaka",2020-12-01,-1.14285714285714,0.192857142857143,10303,10,0,10303
"Melaka",2021-01-01,-0.485714285714286,0.692857142857143,10303,0,0,10303
"Melaka",2021-02-01,-0.271428571428571,0.171428571428571,10303,0,0,10303
"Melaka",2021-03-01,0.471428571428571,0.107142857142857,10305,0,2,10305
"Melaka",2021-04-01,2.25,0.107142857142857,10305,0,0,10305
"Melaka",2021-05-01,2.07857142857143,1.98350915305607e-18,10305,0,0,10305
"Melaka",2021-06-01,1.68571428571429,0.0357142857142857,10305,0,0,10305
"Melaka",2021-07-01,0.985714285714286,-0.257142857142857,10307,1,1,10307
"Melaka",2021-08-01,0.892857142857143,-0.0285714285714286,10307,0,0,10307
"Melaka",2021-09-01,0.985714285714286,0.107142857142857,10307,0,0,10307
"Melaka",2021-10-01,1.39285714285714,0.414285714285714,10307,0,0,10307
"Melaka",2021-11-01,1.88571428571429,0.307142857142857,10310,3,0,10310
"Melaka",2021-12-01,1.75,0.0785714285714286,10310,0,0,10310
"Melaka",2022-01-01,1.27857142857143,0.242857142857143,10310,0,0,10310
"Melaka",2022-02-01,1.23571428571429,0.135714285714286,10310,0,0,10310
"Melaka",2022-03-01,1.17857142857143,0.0642857142857143,10323,0,13,10323
"Melaka",2022-04-01,1.05714285714286,-0.0214285714285714,10339,10,6,10339
"Melaka",2022-05-01,1.18571428571429,0.1,13318,1356,1623,13318
"Melaka",2022-06-01,1.53571428571429,0.371428571428571,19048,2585,3145,19048
"Melaka",2022-07-01,2.25714285714286,0.45,25313,2683,3582,25313
"Melaka",2022-08-01,2.37857142857143,0.0857142857142857,31825,2778,3734,31825
"Melaka",2022-09-01,2.40714285714286,0.135714285714286,39708,3526,4357,39708
"Melaka",2022-10-01,2.17857142857143,0.192857142857143,46486,3113,3665,46486
"Melaka",2022-11-01,1.95,0.1,51688,2374,2828,51688
"Melaka",2022-12-01,2.02142857142857,0.107142857142857,59695,3550,4457,59695
"Melaka",2023-01-01,2.01428571428571,0.257142857142857,65082,2439,2948,65082
"Melaka",2023-02-01,1.97857142857143,0.0928571428571429,70336,2330,2924,70336
"Melaka",2023-03-01,1.92857142857143,3.96556624963113e-18,74932,2112,2484,74932
"Melaka",2023-04-01,2.07857142857143,0.135714285714286,80571,2551,3088,80571
"Melaka",2023-05-01,1.96428571428571,-1.97866896478605e-18,85826,2309,2946,85826
"Melaka",2023-06-01,1.67142857142857,0.0714285714285714,91044,2463,2755,91044
"Melaka",2023-07-01,1.24285714285714,0.0428571428571429,96305,2352,2909,96305
"Melaka",2023-08-01,1.29285714285714,0.157142857142857,99771,1678,1788,99771
"Melaka",2023-09-01,1.12857142857143,-0.0285714285714286,103998,1879,2348,103998
"Melaka",2023-10-01,1,0.0642857142857143,107537,1571,1968,107537
"Melaka",2023-11-01,0.935714285714286,0.0428571428571429,111253,1708,2008,111253
"Melaka",2023-12-01,0.921428571428571,0.1,116672,2320,3099,116672
"Melaka",2024-01-01,0.85,0.171428571428571,120169,1663,1834,120169
"Melaka",2024-02-01,0.878571428571429,0.128571428571429,123460,1479,1812,123460
"Melaka",2024-03-01,0.864285714285714,-0.0142857142857143,126534,1413,1661,126534
"Melaka",2024-04-01,0.942857142857143,0.228571428571429,131310,2122,2654,131310
"Melaka",2024-05-01,1.12857142857143,0.171428571428571,135292,1770,2212,135292
"Melaka",2024-06-01,1.19285714285714,0.128571428571429,140659,2433,2934,140659
"Negeri Sembilan",2020-01-01,1.23571428571429,0.15,3398,2184,1214,3398
"Negeri Sembilan",2020-02-01,0.942857142857143,-0.1,6657,2150,1109,6657
"Negeri Sembilan",2020-03-01,-0.0785714285714285,-0.85,8351,1141,553,8351
"Negeri Sembilan",2020-04-01,-1.76428571428571,-1.72857142857143,8352,1,0,8352
"Negeri Sembilan",2020-05-01,-1.62857142857143,0.157142857142857,8352,0,0,8352
"Negeri Sembilan",2020-06-01,-1.16428571428571,0.628571428571429,8352,0,0,8352
"Negeri Sembilan",2020-07-01,-0.792857142857143,0.507142857142857,8352,0,0,8352
"Negeri Sembilan",2020-08-01,-0.828571428571429,0.135714285714286,8352,0,0,8352
"Negeri Sembilan",2020-09-01,-0.878571428571428,-0.00714285714285714,8352,0,0,8352
"Negeri Sembilan",2020-10-01,-1.15714285714286,-0.00714285714285714,8352,0,0,8352
"Negeri Sembilan",2020-11-01,-1.34285714285714,-0.142857142857143,8352,0,0,8352
"Negeri Sembilan",2020-12-01,-1.09285714285714,0.321428571428571,8352,0,0,8352
"Negeri Sembilan",2021-01-01,-0.471428571428571,0.814285714285714,8352,0,0,8352
"Negeri Sembilan",2021-02-01,-0.235714285714286,0.171428571428571,8352,0,0,8352
"Negeri Sembilan",2021-03-01,0.892857142857143,0.207142857142857,8352,0,0,8352
"Negeri Sembilan",2021-04-01,3.02142857142857,0.0142857142857143,8352,0,0,8352
"Negeri Sembilan",2021-05-01,2.91428571428571,0.0642857142857143,8352,0,0,8352
"Negeri Sembilan",2021-06-01,2.17142857142857,0.0142857142857143,8352,0,0,8352
"Negeri Sembilan",2021-07-01,1.32857142857143,-0.271428571428571,8352,0,0,8352
"Negeri Sembilan",2021-08-01,1.22142857142857,0.0285714285714286,8352,0,0,8352
"Negeri Sembilan",2021-09-01,1.27142857142857,0.0642857142857143,8352,0,0,8352
"Negeri Sembilan",2021-10-01,1.72857142857143,0.442857142857143,8352,0,0,8352
"Negeri Sembilan",2021-11-01,1.96428571428571,0.0857142857142857,8352,0,0,8352
"Negeri Sembilan",2021-12-01,1.75,0.142857142857143,8352,0,0,8352
"Negeri Sembilan",2022-01-01,1.03571428571429,0.135714285714286,8352,0,0,8352
"Negeri Sembilan",2022-02-01,1.14285714285714,0.257142857142857,8352,0,0,8352
"Negeri Sembilan",2022-03-01,1.06428571428571,0.135714285714286,8352,0,0,8352
"Negeri Sembilan",2022-04-01,1.09285714285714,0.05,8358,5,1,8358
"Negeri Sembilan",2022-05-01,1.36428571428571,0.321428571428571,11136,1806,972,11136
"Negeri Sembilan",2022-06-01,1.66428571428571,0.328571428571429,16896,4021,1739,16896
"Negeri Sembilan",2022-07-01,2.11428571428571,0.164285714285714,22986,4057,2033,22986
"Negeri Sembilan",2022-08-01,2.2,0.107142857142857,30494,5244,2264,30494
"Negeri Sembilan",2022-09-01,2.21428571428571,0.0785714285714286,37342,4706,2142,37342
"Negeri Sembilan",2022-10-01,1.81428571428571,0.0642857142857143,44764,5074,2348,44764
"Negeri Sembilan",2022-11-01,1.85,0.121428571428571,51569,4590,2215,51569
"Negeri Sembilan",2022-12-01,1.75,0.0428571428571429,58578,4512,2497,58578
"Negeri Sembilan",2023-01-01,1.60714285714286,-0.0142857142857143,66659,5576,2505,66659
"Negeri Sembilan",2023-02-01,1.42857142857143,0.0785714285714286,76487,6595,3233,76487
"Negeri Sembilan",2023-03-01,1.30714285714286,0.0142857142857143,84937,5520,2930,84937
"Negeri Sembilan",2023-04-01,1.33571428571429,0.0714285714285714,89277,2174,2166,89277
"Negeri Sembilan",2023-05-01,0.992857142857143,-0.0285714285714286,103580,10163,4140,103580
"Negeri Sembilan",2023-06-01,0.792857142857143,0.142857142857143,108614,3303,1731,108614
"Negeri Sembilan",2023-07-01,0.6,-0.0214285714285714,115113,4501,1998,115113
"Negeri Sembilan",2023-08-01,0.735714285714286,0.214285714285714,122388,4710,2565,122388
"Negeri Sembilan",2023-09-01,0.621428571428571,-0.0285714285714286,128433,3875,2170,128433
"Negeri Sembilan",2023-10-01,0.678571428571429,0.114285714285714,133531,3048,2050,133531
"Negeri Sembilan",2023-11-01,0.621428571428571,0.0857142857142857,139066,3388,2147,139066
"Negeri Sembilan",2023-12-01,0.764285714285714,0.157142857142857,144193,2649,2478,144193
"Negeri Sembilan",2024-01-01,0.792857142857143,0.0142857142857143,149037,2802,2042,149037
"Negeri Sembilan",2024-02-01,0.892857142857143,0.185714285714286,153448,2567,1844,153448
"Negeri Sembilan",2024-03-01,0.878571428571429,-0.00714285714285715,158402,2816,2138,158402
"Negeri Sembilan",2024-04-01,0.935714285714286,0.15,163606,3169,2035,163606
"Negeri Sembilan",2024-05-01,1.22142857142857,0.242857142857143,173306,6429,3271,173306
"Negeri Sembilan",2024-06-01,1.14285714285714,0.0571428571428571,180482,4300,2876,180482
"Pahang",2020-01-01,1.61428571428571,0.185714285714286,1068,550,518,1068
"Pahang",2020-02-01,1.6,0.0928571428571429,1517,279,170,1517
"Pahang",2020-03-01,0.578571428571429,-0.764285714285714,1788,147,124,1788
"Pahang",2020-04-01,-1.19285714285714,-1.87857142857143,1788,0,0,1788
"Pahang",2020-05-01,-1.2,0.164285714285714,1790,2,0,1790
"Pahang",2020-06-01,-0.421428571428571,0.921428571428571,1790,0,0,1790
"Pahang",2020-07-01,-0.114285714285714,0.471428571428571,1790,0,0,1790
"Pahang",2020-08-01,-0.107142857142857,0.0214285714285714,1790,0,0,1790
"Pahang",2020-09-01,-0.171428571428571,0.0357142857142857,1791,1,0,1791
"Pahang",2020-10-01,-0.857142857142857,-0.0214285714285714,1791,0,0,1791
"Pahang",2020-11-01,-1.00714285714286,-0.107142857142857,1791,0,0,1791
"Pahang",2020-12-01,-0.564285714285714,0.5,1792,1,0,1792
"Pahang",2021-01-01,-0.0285714285714286,0.757142857142857,1792,0,0,1792
"Pahang",2021-02-01,0.0714285714285714,0.207142857142857,1792,0,0,1792
"Pahang",2021-03-01,1.24285714285714,0.328571428571429,1793,1,0,1793
"Pahang",2021-04-01,3.63571428571429,0.1,1796,3,0,1796
"Pahang",2021-05-01,3.41428571428571,-0.0357142857142857,1799,3,0,1799
"Pahang",2021-06-01,2.42857142857143,0.0642857142857143,1799,0,0,1799
"Pahang",2021-07-01,1.55,-0.314285714285714,1799,0,0,1799
"Pahang",2021-08-01,1.53571428571429,-0.00714285714285714,1799,0,0,1799
"Pahang",2021-09-01,1.62857142857143,0.121428571428571,1799,0,0,1799
"Pahang",2021-10-01,1.98571428571429,0.35,1799,0,0,1799
"Pahang",2021-11-01,2.22142857142857,0.0928571428571429,1799,0,0,1799
"Pahang",2021-12-01,1.88571428571429,0.207142857142857,1799,0,0,1799
"Pahang",2022-01-01,1.18571428571429,0.1,1799,0,0,1799
"Pahang",2022-02-01,1.15714285714286,0.2,1799,0,0,1799
"Pahang",2022-03-01,0.978571428571429,0.171428571428571,1799,0,0,1799
"Pahang",2022-04-01,0.978571428571429,0.0928571428571429,1840,31,10,1840
"Pahang",2022-05-01,1.27142857142857,0.25,1932,72,20,1932
"Pahang",2022-06-01,1.48571428571429,0.285714285714286,1985,43,10,1985
"Pahang",2022-07-01,2.17857142857143,0.35,2070,67,18,2070
"Pahang",2022-08-01,2.33571428571429,0.157142857142857,2260,141,49,2260
"Pahang",2022-09-01,2.56428571428571,0.342857142857143,2490,162,68,2490
"Pahang",2022-10-01,2.45,0.214285714285714,2622,94,38,2622
"Pahang",2022-11-01,2.58571428571429,0.214285714285714,2681,36,23,2681
"Pahang",2022-12-01,2.46428571428571,0.0928571428571429,3402,355,366,3402
"Pahang",2023-01-01,2.48571428571429,0.0928571428571429,3904,270,232,3904
"Pahang",2023-02-01,2.53571428571429,0.242857142857143,4124,122,98,4124
"Pahang",2023-03-01,2.50714285714286,0.157142857142857,4385,145,116,4385
"Pahang",2023-04-01,2.38571428571429,0,5223,448,390,5223
"Pahang",2023-05-01,2.22857142857143,0.1,6027,466,338,6027
"Pahang",2023-06-01,2.07857142857143,0.128571428571429,7025,523,475,7025
"Pahang",2023-07-01,2,0.271428571428571,7741,396,320,7741
"Pahang",2023-08-01,1.87857142857143,0.0285714285714286,8493,428,324,8493
"Pahang",2023-09-01,1.58571428571429,0.0714285714285714,9596,600,503,9596
"Pahang",2023-10-01,1.38571428571429,0.00714285714285715,10568,585,387,10568
"Pahang",2023-11-01,1.20714285714286,0.05,11329,401,360,11329
"Pahang",2023-12-01,1.22857142857143,0.1,12613,649,635,12613
"Pahang",2024-01-01,1.3,0.178571428571429,13169,313,243,13169
"Pahang",2024-02-01,1.51428571428571,0.442857142857143,13883,367,347,13883
"Pahang",2024-03-01,1.39285714285714,0.0285714285714286,14994,614,497,14994
"Pahang",2024-04-01,1.67142857142857,0.257142857142857,15689,377,318,15689
"Pahang",2024-05-01,1.66428571428571,0.0785714285714286,16812,632,491,16812
"Pahang",2024-06-01,1.75714285714286,0.207142857142857,18038,666,560,18038
"Perak",2020-01-01,1.13571428571429,0.0714285714285714,21169,10042,11127,21169
"Perak",2020-02-01,1.05,0.0142857142857143,36860,7469,8222,36860
"Perak",2020-03-01,0.0785714285714285,-0.721428571428571,46480,4511,5109,46480
"Perak",2020-04-01,-1.48571428571429,-1.62142857142857,46482,0,2,46482
"Perak",2020-05-01,-1.45714285714286,0.0928571428571429,46482,0,0,46482
"Perak",2020-06-01,-0.878571428571429,0.764285714285714,46487,2,3,46487
"Perak",2020-07-01,-0.564285714285714,0.45,46497,1,9,46497
"Perak",2020-08-01,-0.55,0.114285714285714,46501,3,1,46501
"Perak",2020-09-01,-0.571428571428571,0.0428571428571429,46504,1,2,46504
"Perak",2020-10-01,-0.807142857142857,-0.0285714285714286,46509,2,3,46509
"Perak",2020-11-01,-0.985714285714286,-0.107142857142857,46524,7,8,46524
"Perak",2020-12-01,-0.742857142857143,0.335714285714286,46530,3,3,46530
"Perak",2021-01-01,0.0214285714285715,0.885714285714286,46539,4,5,46539
"Perak",2021-02-01,0.228571428571429,0.214285714285714,46545,2,4,46545
"Perak",2021-03-01,1.22142857142857,0.228571428571429,46549,0,4,46549
"Perak",2021-04-01,3.18571428571429,0.0142857142857143,46559,4,6,46559
"Perak",2021-05-01,3.1,0.0214285714285714,46568,2,7,46568
"Perak",2021-06-01,2.29285714285714,0.0714285714285714,46569,1,0,46569
"Perak",2021-07-01,1.54285714285714,-0.242857142857143,46570,0,1,46570
"Perak",2021-08-01,1.43571428571429,-0.0142857142857143,46573,1,2,46573
"Perak",2021-09-01,1.49285714285714,0.114285714285714,46575,0,2,46575
"Perak",2021-10-01,1.95714285714286,0.435714285714286,46582,2,5,46582
"Perak",2021-11-01,2.26428571428571,0.164285714285714,46587,3,2,46587
"Perak",2021-12-01,2.10714285714286,0.207142857142857,46599,7,5,46599
"Perak",2022-01-01,1.5,0.278571428571429,46612,5,8,46612
"Perak",2022-02-01,1.41428571428571,0.157142857142857,46625,3,10,46625
"Perak",2022-03-01,1.37857142857143,0.185714285714286,46633,6,2,46633
"Perak",2022-04-01,1.50714285714286,0.157142857142857,47874,585,656,47874
"Perak",2022-05-01,1.72857142857143,0.25,50817,1275,1668,50817
"Perak",2022-06-01,2.02142857142857,0.364285714285714,58513,3642,4054,58513
"Perak",2022-07-01,2.65714285714286,0.378571428571429,69398,5257,5628,69398
"Perak",2022-08-01,2.87142857142857,0.2,81701,5908,6395,81701
"Perak",2022-09-01,2.81428571428571,0.0428571428571429,91486,5006,4779,91486
"Perak",2022-10-01,2.45,0.0785714285714286,105718,6674,7558,105718
"Perak",2022-11-01,2.45,0.157142857142857,121203,7371,8114,121203
"Perak",2022-12-01,2.28571428571429,0.0642857142857143,139467,8737,9527,139467
"Perak",2023-01-01,2.61428571428571,0.585714285714286,154646,7281,7898,154646
"Perak",2023-02-01,2.58571428571429,0.107142857142857,170632,7728,8258,170632
"Perak",2023-03-01,2.45,0.0428571428571429,191833,10068,11133,191833
"Perak",2023-04-01,2.45714285714286,0.185714285714286,210964,8797,10334,210964
"Perak",2023-05-01,2.2,-0.0142857142857143,231114,9570,10580,231114
"Perak",2023-06-01,1.95,0.121428571428571,249685,8623,9948,249685
"Perak",2023-07-01,1.6,0.0357142857142857,271131,9793,11653,271131
"Perak",2023-08-01,1.57142857142857,0.171428571428571,290433,9118,10184,290433
"Perak",2023-09-01,1.57142857142857,0.0642857142857143,307985,8141,9411,307985
"Perak",2023-10-01,1.58571428571429,0.0785714285714286,326804,8679,10140,326804
"Perak",2023-11-01,1.48571428571429,0.0785714285714286,346034,8939,10291,346034
"Perak",2023-12-01,1.56428571428571,0.142857142857143,368701,10285,12382,368701
"Perak",2024-01-01,0.942857142857143,-0.0214285714285714,385670,7976,8993,385670
"Perak",2024-02-01,1.02857142857143,0.178571428571429,405203,9124,10409,405203
"Perak",2024-03-01,0.957142857142857,-0.0214285714285714,427449,10455,11791,427449
"Perak",2024-04-01,0.921428571428571,0.157142857142857,446508,8806,10253,446508
"Perak",2024-05-01,1.13571428571429,0.185714285714286,463326,7779,9039,463326
"Perak",2024-06-01,1.12857142857143,0.107142857142857,483414,9419,10669,483414
"Perlis",2020-01-01,1.19285714285714,0.128571428571429,52560,30518,22042,52560
"Perlis",2020-02-01,0.871428571428571,-0.171428571428571,98391,26593,19238,98391
"Perlis",2020-03-01,-0.0285714285714286,-0.478571428571429,128021,17261,12369,128021
"Perlis",2020-04-01,-1.92142857142857,-2.10714285714286,128023,0,2,128023
"Perlis",2020-05-01,-1.79285714285714,0.171428571428571,128047,3,21,128047
"Perlis",2020-06-01,-1.02857142857143,1.05,128050,0,3,128050
"Perlis",2020-07-01,-0.657142857142857,0.542857142857143,130614,2511,53,130614
"Perlis",2020-08-01,-0.607142857142857,0.0571428571428571,134934,4195,125,134934
"Perlis",2020-09-01,-0.8,-0.05,140136,5042,160,140136
"Perlis",2020-10-01,-1.06428571428571,-0.00714285714285714,145625,5275,214,145625
"Perlis",2020-11-01,-1.26428571428571,-0.185714285714286,152421,6467,329,152421
"Perlis",2020-12-01,-0.75,0.564285714285714,161218,8411,386,161218
"Perlis",2021-01-01,-0.0285714285714286,0.914285714285714,171151,9483,450,171151
"Perlis",2021-02-01,0.328571428571429,0.2,180486,8951,384,180486
"Perlis",2021-03-01,1.17857142857143,0.264285714285714,191460,10616,358,191460
"Perlis",2021-04-01,3.93571428571429,0.0142857142857143,199620,7879,281,199620
"Perlis",2021-05-01,3.85,0.107142857142857,208237,8382,235,208237
"Perlis",2021-06-01,2.56428571428571,0.00714285714285714,215485,7164,84,215485
"Perlis",2021-07-01,1.69285714285714,-0.235714285714286,222446,6879,82,222446
"Perlis",2021-08-01,1.56428571428571,-0.0857142857142857,229828,7321,61,229828
"Perlis",2021-09-01,1.77142857142857,0.157142857142857,237571,7662,81,237571
"Perlis",2021-10-01,2.22857142857143,0.442857142857143,245527,7845,111,245527
"Perlis",2021-11-01,2.63571428571429,0.185714285714286,252931,7291,113,252931
"Perlis",2021-12-01,2.31428571428571,0.285714285714286,262139,9061,147,262139
"Perlis",2022-01-01,1.48571428571429,0.135714285714286,271307,9012,156,271307
"Perlis",2022-02-01,1.70714285714286,0.421428571428571,279840,8416,117,279840
"Perlis",2022-03-01,1.57857142857143,0.142857142857143,290004,10007,157,290004
"Perlis",2022-04-01,1.62857142857143,0.0857142857142857,300093,9814,275,300093
"Perlis",2022-05-01,1.61428571428571,0.0928571428571429,325402,17785,7524,325402
"Perlis",2022-06-01,1.96428571428571,0.342857142857143,367022,26753,14867,367022
"Perlis",2022-07-01,2.36428571428571,0.142857142857143,417697,31822,18853,417697
"Perlis",2022-08-01,2.56428571428571,0.121428571428571,483399,39807,25895,483399
"Perlis",2022-09-01,2.37857142857143,0,531777,29251,19127,531777
"Perlis",2022-10-01,2.42857142857143,0.464285714285714,590056,34034,24245,590056
"Perlis",2022-11-01,2.30714285714286,0.0714285714285714,645356,34064,21236,645356
"Perlis",2022-12-01,2.03571428571429,0.0142857142857143,699390,32716,21318,699390
"Perlis",2023-01-01,2.09285714285714,0.185714285714286,758462,36310,22762,758462
"Perlis",2023-02-01,1.87142857142857,0.214285714285714,815356,34793,22101,815356
"Perlis",2023-03-01,1.75714285714286,0.0357142857142857,884963,42179,27428,884963
"Perlis",2023-04-01,1.72857142857143,0.0285714285714286,939315,31556,22796,939315
"Perlis",2023-05-01,1.72142857142857,0.0571428571428571,1002278,37883,25080,1002278
"Perlis",2023-06-01,1.53571428571429,0.178571428571429,1048769,26832,19659,1048769
"Perlis",2023-07-01,1.47857142857143,0.0928571428571429,1114215,38392,27054,1114215
"Perlis",2023-08-01,1.57857142857143,0.2,1162342,27786,20341,1162342
"Perlis",2023-09-01,1.76428571428571,0.171428571428571,1215971,31041,22588,1215971
"Perlis",2023-10-01,1.36428571428571,0.0642857142857143,1276033,33111,26951,1276033
"Perlis",2023-11-01,1.25714285714286,-0.0357142857142857,1331754,32157,23564,1331754
"Perlis",2023-12-01,1.38571428571429,0.135714285714286,1385658,30699,23205,1385658
"Perlis",2024-01-01,1.32857142857143,0.15,1444556,35138,23760,1444556
"Perlis",2024-02-01,1.3,0.185714285714286,1503410,33724,25130,1503410
"Perlis",2024-03-01,1.15714285714286,-0.114285714285714,1562923,34402,25111,1562923
"Perlis",2024-04-01,1.20714285714286,0.107142857142857,1618615,31206,24486,1618615
"Perlis",2024-05-01,1.55,0.392857142857143,1670037,29370,22052,1670037
"Perlis",2024-06-01,1.42142857142857,0.0571428571428571,1722362,29122,23203,1722362
"Pulau Pinang",2020-01-01,1.05,0.142857142857143,66139,30241,35898,66139
"Pulau Pinang",2020-02-01,0.871428571428571,-1.98254111540207e-18,112336,21990,24207,112336
"Pulau Pinang",2020-03-01,-0.207142857142857,-0.764285714285714,135453,10935,12182,135453
"Pulau Pinang",2020-04-01,-1.72142857142857,-1.54285714285714,135464,10,1,135464
"Pulau Pinang",2020-05-01,-1.57857142857143,0.157142857142857,135465,1,0,135465
"Pulau Pinang",2020-06-01,-0.978571428571429,0.735714285714286,135483,4,14,135483
"Pulau Pinang",2020-07-01,-0.678571428571429,0.457142857142857,135507,10,14,135507
"Pulau Pinang",2020-08-01,-0.6,0.178571428571429,135543,22,14,135543
"Pulau Pinang",2020-09-01,-0.65,0.0142857142857143,135569,21,5,135569
"Pulau Pinang",2020-10-01,-0.728571428571429,-0.00714285714285714,135635,46,20,135635
"Pulau Pinang",2020-11-01,-0.942857142857143,-0.107142857142857,135733,68,30,135733
"Pulau Pinang",2020-12-01,-0.671428571428571,0.221428571428571,135829,63,33,135829
"Pulau Pinang",2021-01-01,-0.128571428571429,0.721428571428571,135920,49,42,135920
"Pulau Pinang",2021-02-01,0.0357142857142857,0.171428571428571,136021,65,36,136021
"Pulau Pinang",2021-03-01,1.09285714285714,0.2,136178,99,58,136178
"Pulau Pinang",2021-04-01,3.01428571428571,0.0214285714285714,136287,63,46,136287
"Pulau Pinang",2021-05-01,2.85,0.0285714285714286,136421,90,44,136421
"Pulau Pinang",2021-06-01,2,0.0142857142857143,136768,323,24,136768
"Pulau Pinang",2021-07-01,1.27857142857143,-0.207142857142857,136930,93,69,136930
"Pulau Pinang",2021-08-01,1.1,0.00714285714285714,137187,194,63,137187
"Pulau Pinang",2021-09-01,1.16428571428571,0.0857142857142857,137454,197,70,137454
"Pulau Pinang",2021-10-01,1.38571428571429,0.214285714285714,137736,170,112,137736
"Pulau Pinang",2021-11-01,1.82142857142857,0.292857142857143,138102,235,131,138102
"Pulau Pinang",2021-12-01,1.82857142857143,0.242857142857143,138468,239,127,138468
"Pulau Pinang",2022-01-01,1.47142857142857,0.378571428571429,138734,167,99,138734
"Pulau Pinang",2022-02-01,1.56428571428571,0.264285714285714,139205,387,84,139205
"Pulau Pinang",2022-03-01,1.65714285714286,0.292857142857143,140824,935,684,140824
"Pulau Pinang",2022-04-01,1.73571428571429,0.114285714285714,151308,5565,4919,151308
"Pulau Pinang",2022-05-01,1.96428571428571,0.25,175339,11961,12070,175339
"Pulau Pinang",2022-06-01,2.40714285714286,0.45,213928,18547,20042,213928
"Pulau Pinang",2022-07-01,2.85,0.228571428571429,257729,20401,23400,257729
"Pulau Pinang",2022-08-01,2.87142857142857,0.0428571428571429,303510,21281,24500,303510
"Pulau Pinang",2022-09-01,2.82142857142857,0.0357142857142857,353247,22618,27119,353247
"Pulau Pinang",2022-10-01,2.72857142857143,0.114285714285714,408266,25274,29745,408266
"Pulau Pinang",2022-11-01,2.55,0.114285714285714,463236,25382,29588,463236
"Pulau Pinang",2022-12-01,2.47857142857143,0.171428571428571,529052,30457,35359,529052
"Pulau Pinang",2023-01-01,2.06428571428571,-0.00714285714285714,597509,30865,37592,597509
"Pulau Pinang",2023-02-01,1.98571428571429,0.157142857142857,662548,30647,34392,662548
"Pulau Pinang",2023-03-01,1.60714285714286,-0.0785714285714286,736933,35487,38898,736933
"Pulau Pinang",2023-04-01,1.46428571428571,-0.0357142857142857,813175,35061,41181,813175
"Pulau Pinang",2023-05-01,1.20714285714286,-1.38777878078145e-17,895422,39064,43183,895422
"Pulau Pinang",2023-06-01,0.907142857142857,0.157142857142857,998047,47470,55155,998047
"Pulau Pinang",2023-07-01,0.742857142857143,0.0642857142857143,1094782,44357,52378,1094782
"Pulau Pinang",2023-08-01,0.814285714285714,0.1,1186718,43292,48644,1186718
"Pulau Pinang",2023-09-01,0.835714285714286,0.0571428571428571,1274052,42280,45054,1274052
"Pulau Pinang",2023-10-01,0.721428571428571,0.00714285714285715,1360348,40163,46133,1360348
"Pulau Pinang",2023-11-01,0.721428571428571,0.114285714285714,1454504,44464,49692,1454504
"Pulau Pinang",2023-12-01,0.778571428571429,0.221428571428571,1562059,50553,57002,1562059
"Pulau Pinang",2024-01-01,0.914285714285714,0.135714285714286,1660191,44646,53486,1660191
"Pulau Pinang",2024-02-01,1.35714285714286,0.621428571428571,1748464,41291,46982,1748464
"Pulau Pinang",2024-03-01,1.43571428571429,-0.00714285714285715,1872721,57580,66677,1872721
"Pulau Pinang",2024-04-01,1.82857142857143,0.364285714285714,1958331,39921,45689,1958331
"Pulau Pinang",2024-05-01,2.40714285714286,0.571428571428572,2057977,46644,53002,2057977
"Pulau Pinang",2024-06-01,2.42857142857143,0.178571428571429,2170037,51518,60542,2170037
"Sabah",2020-01-01,0.728571428571429,0.0571428571428571,64829,29285,35544,64829
"Sabah",2020-02-01,0.564285714285714,-0.0428571428571429,94986,14245,15912,94986
"Sabah",2020-03-01,-0.45,-0.778571428571429,102266,3907,3373,102266
"Sabah",2020-04-01,-1.93571428571429,-1.54285714285714,102284,2,16,102284
"Sabah",2020-05-01,-1.89285714285714,0.0785714285714286,102303,11,8,102303
"Sabah",2020-06-01,-1.26428571428571,0.778571428571429,102336,6,27,102336
"Sabah",2020-07-01,-0.864285714285714,0.45,102431,31,64,102431
"Sabah",2020-08-01,-0.942857142857143,0.0142857142857143,102468,18,19,102468
"Sabah",2020-09-01,-0.957142857142857,-0.0142857142857143,102489,9,12,102489
"Sabah",2020-10-01,-0.964285714285714,0.00714285714285714,102491,2,0,102491
"Sabah",2020-11-01,-1.11428571428571,-0.0642857142857143,102496,4,1,102496
"Sabah",2020-12-01,-0.857142857142857,0.335714285714286,102507,8,3,102507
"Sabah",2021-01-01,-0.535714285714286,0.421428571428571,102517,6,4,102517
"Sabah",2021-02-01,-0.264285714285714,0.214285714285714,102535,8,10,102535
"Sabah",2021-03-01,0.914285714285714,0.35,102553,18,0,102553
"Sabah",2021-04-01,2.88571428571429,0.114285714285714,102560,5,2,102560
"Sabah",2021-05-01,2.78571428571429,-0.00714285714285714,102572,6,6,102572
"Sabah",2021-06-01,1.87857142857143,0.00714285714285714,102576,2,2,102576
"Sabah",2021-07-01,1.2,-0.192857142857143,102581,5,0,102581
"Sabah",2021-08-01,1.18571428571429,0.00714285714285714,102588,5,2,102588
"Sabah",2021-09-01,1.22142857142857,0.0142857142857143,102590,1,1,102590
"Sabah",2021-10-01,1.50714285714286,0.307142857142857,102600,7,3,102600
"Sabah",2021-11-01,1.67857142857143,0.1,102635,19,16,102635
"Sabah",2021-12-01,1.43571428571429,0.142857142857143,102663,13,15,102663
"Sabah",2022-01-01,1.33571428571429,0.335714285714286,102703,19,21,102703
"Sabah",2022-02-01,1.26428571428571,0.142857142857143,102721,10,8,102721
"Sabah",2022-03-01,1,0.0928571428571428,102751,15,15,102751
"Sabah",2022-04-01,1.08571428571429,0.192857142857143,104484,941,792,104484
"Sabah",2022-05-01,1.45,0.342857142857143,109658,2686,2488,109658
"Sabah",2022-06-01,1.83571428571429,0.371428571428571,120248,5082,5508,120248
"Sabah",2022-07-01,2.48571428571429,0.442857142857143,139942,9315,10379,139942
"Sabah",2022-08-01,2.71428571428571,0.214285714285714,159167,9137,10088,159167
"Sabah",2022-09-01,2.8,0.0928571428571429,176426,8460,8799,176426
"Sabah",2022-10-01,2.54285714285714,0.0571428571428571,193910,8372,9112,193910
"Sabah",2022-11-01,2.65,0.185714285714286,215234,10170,11154,215234
"Sabah",2022-12-01,2.54285714285714,0.0357142857142857,244817,13640,15943,244817
"Sabah",2023-01-01,2.22857142857143,0.05,282706,17466,20423,282706
"Sabah",2023-02-01,2.25714285714286,0.157142857142857,316613,15549,18358,316613
"Sabah",2023-03-01,2.32142857142857,0.171428571428571,354024,17004,20407,354024
"Sabah",2023-04-01,2.10714285714286,-0.0357142857142857,390718,17302,19392,390718
"Sabah",2023-05-01,1.95,0.207142857142857,432688,19557,22413,432688
"Sabah",2023-06-01,1.57857142857143,0.0285714285714286,458187,12113,13386,458187
"Sabah",2023-07-01,1.20714285714286,0.0714285714285714,489524,14535,16802,489524
"Sabah",2023-08-01,1.16428571428571,0.178571428571429,499349,4896,4929,499349
"Sabah",2023-09-01,1.11428571428571,0.05,508427,4479,4599,508427
"Sabah",2023-10-01,1.07142857142857,-0.0142857142857143,516363,4102,3834,516363
"Sabah",2023-11-01,0.942857142857143,0.0857142857142857,546926,14346,16217,546926
"Sabah",2023-12-01,1,0.0857142857142857,599158,23676,28556,599158
"Sabah",2024-01-01,1.05,0.0857142857142857,666437,29696,37583,666437
"Sabah",2024-02-01,1.09285714285714,0.192857142857143,735400,30981,37982,735400
"Sabah",2024-03-01,0.914285714285714,0.00714285714285715,786364,21968,28996,786364
"Sabah",2024-04-01,1.15,0.214285714285714,825712,17643,21705,825712
"Sabah",2024-05-01,1.10714285714286,0.142857142857143,873304,21425,26167,873304
"Sabah",2024-06-01,1.11428571428571,0.0285714285714286,933012,26005,33703,933012
"Sarawak",2020-01-01,1.00714285714286,0.235714285714286,140162,80142,60020,140162
"Sarawak",2020-02-01,0.935714285714286,0.1,240642,60537,39943,240642
"Sarawak",2020-03-01,-0.242857142857143,-0.878571428571429,290144,30001,19501,290144
"Sarawak",2020-04-01,-1.88571428571429,-1.75714285714286,290614,438,32,290614
"Sarawak",2020-05-01,-1.81428571428571,0.164285714285714,291068,432,22,291068
"Sarawak",2020-06-01,-1.17142857142857,0.892857142857143,292014,902,44,292014
"Sarawak",2020-07-01,-0.75,0.528571428571429,293207,1105,88,293207
"Sarawak",2020-08-01,-0.864285714285714,-0.192857142857143,294015,724,84,294015
"Sarawak",2020-09-01,-0.835714285714286,0.0642857142857143,294863,754,94,294863
"Sarawak",2020-10-01,-0.9,-0.00714285714285714,295505,562,80,295505
"Sarawak",2020-11-01,-1.12857142857143,-0.0857142857142857,296530,963,62,296530
"Sarawak",2020-12-01,-0.75,0.385714285714286,297383,829,24,297383
"Sarawak",2021-01-01,-0.564285714285714,0.485714285714286,298329,915,31,298329
"Sarawak",2021-02-01,-0.314285714285714,0.364285714285714,299085,740,16,299085
"Sarawak",2021-03-01,0.892857142857143,0.221428571428571,300172,1059,28,300172
"Sarawak",2021-04-01,3.16428571428571,0.0285714285714286,301153,952,29,301153
"Sarawak",2021-05-01,2.93571428571429,-0.0357142857142857,302052,878,21,302052
"Sarawak",2021-06-01,1.9,0.0214285714285714,302863,788,23,302863
"Sarawak",2021-07-01,1.3,0.00714285714285714,303839,953,23,303839
"Sarawak",2021-08-01,1.52857142857143,0.0428571428571429,304541,682,20,304541
"Sarawak",2021-09-01,1.49285714285714,0.0357142857142857,305215,652,22,305215
"Sarawak",2021-10-01,1.35,-0.15,305785,546,24,305785
"Sarawak",2021-11-01,1.57142857142857,0.1,306596,764,47,306596
"Sarawak",2021-12-01,1.46428571428571,0.335714285714286,307290,627,67,307290
"Sarawak",2022-01-01,1.20714285714286,0.257142857142857,308298,913,95,308298
"Sarawak",2022-02-01,1.25714285714286,0.428571428571429,309076,707,71,309076
"Sarawak",2022-03-01,1.05,0.0214285714285714,310026,880,70,310026
"Sarawak",2022-04-01,1.16428571428571,0.142857142857143,313108,2160,922,313108
"Sarawak",2022-05-01,1.46428571428571,0.264285714285714,329153,10649,5396,329153
"Sarawak",2022-06-01,1.92857142857143,0.478571428571429,358167,17923,11091,358167
"Sarawak",2022-07-01,2.37142857142857,0.4,393346,20376,14803,393346
"Sarawak",2022-08-01,2.46428571428571,0.135714285714286,457001,35833,27822,457001
"Sarawak",2022-09-01,2.63571428571429,0.2,547339,49614,40724,547339
"Sarawak",2022-10-01,2.9,0.0714285714285714,643292,53122,42831,643292
"Sarawak",2022-11-01,3.37142857142857,0.55,741727,53936,44499,741727
"Sarawak",2022-12-01,2.17857142857143,-0.742857142857143,935442,99084,94631,935442
"Sarawak",2023-01-01,2.71428571428571,0.807142857142857,1076127,76058,64627,1076127
"Sarawak",2023-02-01,2.3,0.0214285714285714,1208453,72075,60251,1208453
"Sarawak",2023-03-01,2.26428571428571,-0.00714285714285714,1349646,77147,64046,1349646
"Sarawak",2023-04-01,2.34285714285714,0.221428571428571,1522734,90593,82495,1522734
"Sarawak",2023-05-01,2.23571428571429,0.171428571428571,1670267,84447,63086,1670267
"Sarawak",2023-06-01,1.89285714285714,0.142857142857143,1790659,64628,55764,1790659
"Sarawak",2023-07-01,1.50714285714286,0.0428571428571429,1919200,68707,59834,1919200
"Sarawak",2023-08-01,1.60714285714286,0.242857142857143,2031705,61296,51209,2031705
"Sarawak",2023-09-01,1.5,0.0857142857142857,2144870,62094,51071,2144870
"Sarawak",2023-10-01,1.42857142857143,0.00714285714285715,2251537,59316,47351,2251537
"Sarawak",2023-11-01,0.971428571428571,0.1,2364596,62443,50616,2364596
"Sarawak",2023-12-01,1.97857142857143,0.192857142857143,2594957,120799,109562,2594957
"Sarawak",2024-01-01,1.29285714285714,0.121428571428571,2771267,95746,80564,2771267
"Sarawak",2024-02-01,1.40714285714286,0.121428571428571,2961888,101221,89400,2961888
"Sarawak",2024-03-01,1.86428571428571,0.421428571428571,3176665,112393,102384,3176665
"Sarawak",2024-04-01,1.77857142857143,0.171428571428571,3408168,122358,109145,3408168
"Sarawak",2024-05-01,1.71428571428571,0.0857142857142857,3615803,114235,93400,3615803
"Sarawak",2024-06-01,1.65714285714286,0.0857142857142857,3821044,108896,96345,3821044
"Selangor",2020-01-01,1.49285714285714,0.164285714285714,817095,448654,368441,817095
"Selangor",2020-02-01,1.25714285714286,0.0142857142857143,1369019,330947,220977,1369019
"Selangor",2020-03-01,0.435714285714286,-0.6,1583355,133427,80909,1583355
"Selangor",2020-04-01,-0.907142857142857,-1.35,1583771,231,185,1583771
"Selangor",2020-05-01,-0.807142857142857,0.192857142857143,1584388,423,194,1584388
"Selangor",2020-06-01,-0.371428571428571,0.6,1585626,835,403,1585626
"Selangor",2020-07-01,0.00714285714285711,0.435714285714286,1591234,3905,1703,1591234
"Selangor",2020-08-01,-0.00714285714285716,0.2,1597079,3899,1946,1597079
"Selangor",2020-09-01,-0.0857142857142857,0.0428571428571429,1602994,4187,1728,1602994
"Selangor",2020-10-01,-0.157142857142857,0.0285714285714286,1608771,4295,1482,1608771
"Selangor",2020-11-01,-0.328571428571429,-0.0642857142857143,1614178,4101,1306,1614178
"Selangor",2020-12-01,-0.171428571428571,0.25,1619117,3647,1292,1619117
"Selangor",2021-01-01,0.164285714285714,0.55,1625296,4663,1516,1625296
"Selangor",2021-02-01,0.35,0.178571428571429,1631416,4659,1461,1631416
"Selangor",2021-03-01,1.33571428571429,0.321428571428571,1641442,7211,2815,1641442
"Selangor",2021-04-01,2.97142857142857,0.0642857142857143,1651344,7215,2687,1651344
"Selangor",2021-05-01,2.80714285714286,0.05,1658209,5134,1731,1658209
"Selangor",2021-06-01,2.17142857142857,0.0428571428571429,1662379,3174,996,1662379
"Selangor",2021-07-01,1.55,-0.164285714285714,1667907,3946,1582,1667907
"Selangor",2021-08-01,1.31428571428571,-0.0142857142857143,1674677,4677,2093,1674677
"Selangor",2021-09-01,1.36428571428571,0.1,1681953,5165,2111,1681953
"Selangor",2021-10-01,1.80714285714286,0.464285714285714,1692003,6806,3244,1692003
"Selangor",2021-11-01,2.1,0.221428571428571,1706757,10506,4248,1706757
"Selangor",2021-12-01,2.07142857142857,0.242857142857143,1752132,30454,14921,1752132
"Selangor",2022-01-01,1.9,0.392857142857143,1794760,28890,13738,1794760
"Selangor",2022-02-01,1.95714285714286,0.228571428571429,1833513,27675,11078,1833513
"Selangor",2022-03-01,1.9,0.264285714285714,1884543,35766,15264,1884543
"Selangor",2022-04-01,2.09285714285714,0.264285714285714,2005652,76340,44769,2005652
"Selangor",2022-05-01,2.42142857142857,0.371428571428571,2218019,129850,82517,2218019
"Selangor",2022-06-01,2.86428571428571,0.464285714285714,2472139,156399,97721,2472139
"Selangor",2022-07-01,3.32142857142857,0.307142857142857,2803518,197924,133455,2803518
"Selangor",2022-08-01,3.50714285714286,0.164285714285714,3189445,238039,147888,3189445
"Selangor",2022-09-01,3.60714285714286,0.171428571428571,3572048,243982,138621,3572048
"Selangor",2022-10-01,3.31428571428571,0.192857142857143,4015274,273074,170152,4015274
"Selangor",2022-11-01,3.27857142857143,0.164285714285714,4482585,291966,175345,4482585
"Selangor",2022-12-01,3.13571428571429,0.114285714285714,5004577,306365,215627,5004577
"Selangor",2023-01-01,2.79285714285714,0.0642857142857143,5533435,309683,219175,5533435
"Selangor",2023-02-01,2.87857142857143,0.307142857142857,6029287,313058,182794,6029287
"Selangor",2023-03-01,2.69285714285714,0.0785714285714286,6598047,351170,217590,6598047
"Selangor",2023-04-01,2.55714285714286,0.142857142857143,7147809,318485,231277,7147809
"Selangor",2023-05-01,2.20714285714286,0.0214285714285714,7745328,355223,242296,7745328
"Selangor",2023-06-01,1.82857142857143,0.107142857142857,8194329,270555,178446,8194329
"Selangor",2023-07-01,1.53571428571429,0.0142857142857143,8985240,442236,348675,8985240
"Selangor",2023-08-01,1.5,0.1,9768147,450015,332892,9768147
"Selangor",2023-09-01,1.4,0.0785714285714286,10472412,408872,295393,10472412
"Selangor",2023-10-01,1.36428571428571,0.157142857142857,11115859,367295,276152,11115859
"Selangor",2023-11-01,1.31428571428571,0.121428571428571,11764988,374771,274358,11764988
"Selangor",2023-12-01,1.31428571428571,0.114285714285714,12557818,435062,357768,12557818
"Selangor",2024-01-01,1.35,0.1,13383763,452257,373688,13383763
"Selangor",2024-02-01,1.42857142857143,0.407142857142857,14188613,430744,374106,14188613
"Selangor",2024-03-01,1.53571428571429,0.171428571428571,14913802,397969,327220,14913802
"Selangor",2024-04-01,1.57857142857143,0.192857142857143,15642300,392344,336154,15642300
"Selangor",2024-05-01,1.85714285714286,0.292857142857143,16461842,478907,340635,16461842
"Selangor",2024-06-01,1.82857142857143,0.0785714285714286,17315457,445853,407762,17315457
"Terengganu",2020-01-01,1.25,0.121428571428571,0,0,0,0
"Terengganu",2020-02-01,1.16428571428571,0.0785714285714286,2,2,0,2
"Terengganu",2020-03-01,0.05,-0.814285714285714,28,25,1,28
"Terengganu",2020-04-01,-1.45714285714286,-1.58571428571429,28,0,0,28
"Terengganu",2020-05-01,-1.4,0.171428571428571,28,0,0,28
"Terengganu",2020-06-01,-0.592857142857143,1.05714285714286,29,1,0,29
"Terengganu",2020-07-01,-0.171428571428571,0.571428571428571,29,0,0,29
"Terengganu",2020-08-01,-0.107142857142857,0.142857142857143,29,0,0,29
"Terengganu",2020-09-01,-0.3,-0.0857142857142857,29,0,0,29
"Terengganu",2020-10-01,-0.35,0.00714285714285714,29,0,0,29
"Terengganu",2020-11-01,-0.421428571428571,-0.0857142857142857,29,0,0,29
"Terengganu",2020-12-01,-0.207142857142857,0.392857142857143,49,20,0,49
"Terengganu",2021-01-01,0.492857142857143,0.864285714285714,62,13,0,62
"Terengganu",2021-02-01,0.635714285714286,0.235714285714286,73,11,0,73
"Terengganu",2021-03-01,1.79285714285714,0.257142857142857,91,18,0,91
"Terengganu",2021-04-01,3.94285714285714,0.171428571428571,91,0,0,91
"Terengganu",2021-05-01,3.93571428571429,0.178571428571429,95,4,0,95
"Terengganu",2021-06-01,2.72142857142857,0,95,0,0,95
"Terengganu",2021-07-01,1.78571428571429,-0.285714285714286,95,0,0,95
"Terengganu",2021-08-01,1.63571428571429,-0.0214285714285714,95,0,0,95
"Terengganu",2021-09-01,1.85,0.128571428571429,96,1,0,96
"Terengganu",2021-10-01,2.25714285714286,0.392857142857143,96,0,0,96
"Terengganu",2021-11-01,2.51428571428571,0.157142857142857,96,0,0,96
"Terengganu",2021-12-01,2.33571428571429,0.242857142857143,96,0,0,96
"Terengganu",2022-01-01,1.63571428571429,0.192857142857143,96,0,0,96
"Terengganu",2022-02-01,1.60714285714286,0.228571428571429,96,0,0,96
"Terengganu",2022-03-01,1.56428571428571,0.214285714285714,96,0,0,96
"Terengganu",2022-04-01,1.50714285714286,0.114285714285714,98,2,0,98
"Terengganu",2022-05-01,1.50714285714286,0.164285714285714,98,0,0,98
"Terengganu",2022-06-01,1.82142857142857,0.314285714285714,105,7,0,105
"Terengganu",2022-07-01,2.23571428571429,0.114285714285714,105,0,0,105
"Terengganu",2022-08-01,2.28571428571429,0.0214285714285714,105,0,0,105
"Terengganu",2022-09-01,2.22857142857143,0.0714285714285714,121,13,3,121
"Terengganu",2022-10-01,1.99285714285714,0.164285714285714,125,2,2,125
"Terengganu",2022-11-01,2.02142857142857,0.185714285714286,129,4,0,129
"Terengganu",2022-12-01,1.75,-0.0142857142857143,129,0,0,129
"Terengganu",2023-01-01,1.62857142857143,0.0857142857142857,129,0,0,129
"Terengganu",2023-02-01,1.52142857142857,0.114285714285714,132,3,0,132
"Terengganu",2023-03-01,1.42857142857143,0.121428571428571,150,18,0,150
"Terengganu",2023-04-01,1.38571428571429,0.0857142857142857,151,1,0,151
"Terengganu",2023-05-01,1.17142857142857,-0.05,152,1,0,152
"Terengganu",2023-06-01,0.942857142857143,0.0928571428571429,155,3,0,155
"Terengganu",2023-07-01,0.971428571428571,0.128571428571429,156,1,0,156
"Terengganu",2023-08-01,0.978571428571429,0.0428571428571429,156,0,0,156
"Terengganu",2023-09-01,0.971428571428571,0.0714285714285714,159,2,1,159
"Terengganu",2023-10-01,0.814285714285714,0.0214285714285714,163,4,0,163
"Terengganu",2023-11-01,0.714285714285714,0.0642857142857143,180,14,3,180
"Terengganu",2023-12-01,0.814285714285714,0.0928571428571429,181,1,0,181
"Terengganu",2024-01-01,0.75,0.0142857142857143,196,15,0,196
"Terengganu",2024-02-01,1.11428571428571,0.478571428571429,220,15,9,220
"Terengganu",2024-03-01,1.09285714285714,0.107142857142857,236,10,6,236
"Terengganu",2024-04-01,1.14285714285714,0.107142857142857,257,5,16,257
"Terengganu",2024-05-01,1.27857142857143,0.107142857142857,258,1,0,258
"Terengganu",2024-06-01,1.30714285714286,0.107142857142857,263,5,0,263
"W.P. Labuan",2020-01-01,0.664285714285714,0.05,3950,2526,1424,3950
"W.P. Labuan",2020-02-01,0.414285714285714,-0.0785714285714286,6392,1634,808,6392
"W.P. Labuan",2020-03-01,-0.921428571428571,-0.95,7304,627,285,7304
"W.P. Labuan",2020-04-01,-2.59285714285714,-1.75,7306,2,0,7306
"W.P. Labuan",2020-05-01,-2.36428571428571,0.221428571428571,7308,2,0,7308
"W.P. Labuan",2020-06-01,-1.77142857142857,0.842857142857143,7313,5,0,7313
"W.P. Labuan",2020-07-01,-1.26428571428571,0.507142857142857,7324,8,3,7324
"W.P. Labuan",2020-08-01,-1.33571428571429,1.96705251293799e-18,7330,4,2,7330
"W.P. Labuan",2020-09-01,-1.28571428571429,0.0428571428571429,7340,8,2,7340
"W.P. Labuan",2020-10-01,-1.38571428571429,-0.0285714285714286,7345,5,0,7345
"W.P. Labuan",2020-11-01,-1.45,-0.0785714285714286,7358,11,2,7358
"W.P. Labuan",2020-12-01,-1.07142857142857,0.35,7366,8,0,7366
"W.P. Labuan",2021-01-01,-0.757142857142857,0.378571428571429,7372,6,0,7372
"W.P. Labuan",2021-02-01,-0.442857142857143,0.25,7381,9,0,7381
"W.P. Labuan",2021-03-01,1.04285714285714,0.45,7387,3,3,7387
"W.P. Labuan",2021-04-01,3.33571428571429,0.0928571428571428,7397,10,0,7397
"W.P. Labuan",2021-05-01,3.10714285714286,0.0285714285714286,7412,14,1,7412
"W.P. Labuan",2021-06-01,2.17142857142857,0.0571428571428571,7412,0,0,7412
"W.P. Labuan",2021-07-01,1.4,-0.192857142857143,7427,15,0,7427
"W.P. Labuan",2021-08-01,1.42142857142857,0.0214285714285714,7436,9,0,7436
"W.P. Labuan",2021-09-01,1.37857142857143,0.0142857142857143,7443,7,0,7443
"W.P. Labuan",2021-10-01,1.63571428571429,0.221428571428571,7443,0,0,7443
"W.P. Labuan",2021-11-01,1.92142857142857,0.178571428571429,7446,3,0,7446
"W.P. Labuan",2021-12-01,1.49285714285714,-0.0357142857142857,7456,10,0,7456
"W.P. Labuan",2022-01-01,1.2,0.114285714285714,7468,12,0,7468
"W.P. Labuan",2022-02-01,1,0.0785714285714286,7485,17,0,7485
"W.P. Labuan",2022-03-01,0.828571428571429,0.285714285714286,7497,12,0,7497
"W.P. Labuan",2022-04-01,0.885714285714286,0.135714285714286,7528,22,9,7528
"W.P. Labuan",2022-05-01,1.16428571428571,0.278571428571429,7556,21,7,7556
"W.P. Labuan",2022-06-01,1.38571428571429,0.257142857142857,7598,25,17,7598
"W.P. Labuan",2022-07-01,1.76428571428571,0.185714285714286,7662,36,28,7662
"W.P. Labuan",2022-08-01,1.67142857142857,-0.0785714285714286,8315,401,252,8315
"W.P. Labuan",2022-09-01,1.61428571428571,-0.0142857142857143,9255,641,299,9255
"W.P. Labuan",2022-10-01,1.37857142857143,-0.0357142857142857,10281,735,291,10281
"W.P. Labuan",2022-11-01,1.31428571428571,0.121428571428571,11515,848,386,11515
"W.P. Labuan",2022-12-01,1.31428571428571,-0.0428571428571429,13831,1381,935,13831
"W.P. Labuan",2023-01-01,1.4,0.192857142857143,15453,1113,509,15453
"W.P. Labuan",2023-02-01,1.62857142857143,0.321428571428571,17399,1277,669,17399
"W.P. Labuan",2023-03-01,1.44285714285714,0.114285714285714,18824,978,447,18824
"W.P. Labuan",2023-04-01,1.41428571428571,0.114285714285714,21115,1383,908,21115
"W.P. Labuan",2023-05-01,0.95,-0.171428571428571,22856,1110,631,22856
"W.P. Labuan",2023-06-01,0.95,0.25,24443,1042,545,24443
"W.P. Labuan",2023-07-01,0.907142857142857,0.128571428571429,25803,934,426,25803
"W.P. Labuan",2023-08-01,1.04285714285714,0.0714285714285714,28093,1426,864,28093
"W.P. Labuan",2023-09-01,1.11428571428571,0.0571428571428571,29562,998,471,29562
"W.P. Labuan",2023-10-01,1.20714285714286,0.0642857142857143,30890,934,394,30890
"W.P. Labuan",2023-11-01,1.22857142857143,0.164285714285714,32541,1108,543,32541
"W.P. Labuan",2023-12-01,1.37857142857143,0.1,36358,2308,1509,36358
"W.P. Labuan",2024-01-01,1.01428571428571,-0.185714285714286,37770,958,454,37770
"W.P. Labuan",2024-02-01,0.957142857142857,0.271428571428571,40346,1590,986,40346
"W.P. Labuan",2024-03-01,0.771428571428571,-0.0857142857142857,41936,1040,550,41936
"W.P. Labuan",2024-04-01,0.678571428571429,0.0142857142857143,43898,1161,801,43898
"W.P. Labuan",2024-05-01,1.00714285714286,0.142857142857143,45941,1209,834,45941
"W.P. Labuan",2024-06-01,0.814285714285714,0.0571428571428571,47536,1049,546,47536
